T,max_divergence,Qin,Qout,relative_mass_error,flux_divergence_mismatch,outlet_normal_residual,outlet_tangent_residual,cfl,max_speed,linear_residual,Cd,Cl,Fx_unsteady,Fy_unsteady,velocity_change,coefficient_change
0.2,3.039235529911366e-12,0.08200609756097561,0.08200609756097561,0.0,-1.1622761130272718e-17,2.1988128277774383e-17,0.0,0.12132613974799737,0.4060953402636899,3.0411229090532288e-12,5.612441622854949,0.012020559759933888,1.475497771144144e-13,5.042300988704796e-12,inf,inf
0.4,4.371364381583476e-12,0.08200609756097561,0.08200609756097568,8.461436539822926e-16,-4.5478621953434816e-18,2.2219368272374806e-17,0.0,0.12132613974600875,0.40609534025848043,4.377997964155611e-12,5.6124416228175305,0.0120205603828915,2.059377868549141e-13,3.096686865165452e-12,4.312485455543191e-06,6.22957610843522e-10
0.6,2.3439583607398617e-12,0.08200609756097561,0.08200609756097564,3.3845746159291704e-16,2.2116304691484693e-17,2.2957981002380556e-17,0.0,0.12132613974922768,0.40609534026708577,3.2862601528904634e-12,5.612441622785597,0.012020561626814318,2.6867703665154597e-13,1.4042363429554e-13,3.821188195862746e-06,1.2439228189164986e-09
0.8,1.9609314172441827e-12,0.08200609756097561,0.08200609756097554,-8.461436539822926e-16,-7.481035647731445e-18,2.0166160408230382e-17,0.0,0.12132613975517498,0.40609534028233985,4.133629636499103e-12,5.612441622725964,0.012020562968329733,3.339912989644896e-13,-2.4915059788519966e-12,3.385436603137171e-06,1.341515414379768e-09
1.0,3.044092755644101e-12,0.08200609756097561,0.08200609756097554,-8.461436539822926e-16,-2.5137667148582633e-17,2.59801945581839e-17,0.0,0.12132613976117909,0.40609534029708766,3.0402347306335287e-12,5.612441622718557,0.012020563881139174,3.428747369933204e-13,-3.900075238719755e-12,2.997420900929804e-06,9.128094408811238e-10
1.2,3.068711951215164e-12,0.08200609756097561,0.08200609756097559,-3.3845746159291704e-16,-1.2085749339241919e-17,2.3159998360300707e-17,0.0,0.12132613976540402,0.406095340306827,3.784861313249621e-12,5.612441622684037,0.012020564236050704,2.793758530147561e-13,-4.0090490309628514e-12,2.651413336801634e-06,3.5491153071998127e-10
1.4000000000000001,2.2808560595777294e-12,0.08200609756097561,0.08200609756097559,-3.3845746159291704e-16,2.5509345883464188e-18,2.659556399436415e-17,0.0,0.12132613976710895,0.4060953403098504,2.2806062593971888e-12,5.6124416226929865,0.012020564061540649,2.3196665616141217e-13,-3.0805446169353485e-12,2.3434514127840256e-06,1.7451005571156308e-10
1.6,2.944172683427837e-12,0.08200609756097561,0.08200609756097556,-6.769149231858341e-16,-1.951752629414556e-17,2.6373323724828302e-17,0.0,0.12132613976669947,0.4060953403073679,2.9460878181453154e-12,5.61244162265089,0.012020563598886803,1.7184378271863165e-13,-1.7394322366544593e-12,2.070043764040852e-06,4.626538457896956e-10
1.8,3.4373545676480433e-12,0.08200609756097561,0.08200609756097567,6.769149231858341e-16,-1.4983090587455604e-17,2.0721390505155576e-17,0.0,0.12132613976504777,0.40609534030194633,4.937827924322846e-12,5.612441622611397,0.012020563161266715,8.990706941956738e-14,-4.812580901215782e-13,1.8281490007932002e-06,4.376200877370673e-10
