component,neighbor_direction,face_x,face_y
U,south,1.046875,1.25625
U,south,1.4531250000000002,1.25625
U,south,1.053125,1.2625000000000002
U,south,1.409375,1.2625000000000002
U,south,1.065625,1.26875
U,south,1.3531250000000001,1.26875
U,south,1.0906250000000002,1.2750000000000001
U,south,1.284375,1.2750000000000001
U,north,1.0906250000000002,1.225
U,north,1.284375,1.225
U,north,1.065625,1.2312500000000002
U,north,1.3531250000000001,1.2312500000000002
U,north,1.053125,1.2375
U,north,1.409375,1.2375
U,north,1.046875,1.2437500000000001
U,north,1.4531250000000002,1.2437500000000001
V,west,1.2875,1.2281250000000001
V,west,1.3562500000000002,1.2343750000000002
V,west,1.4125,1.240625
V,west,1.45625,1.2468750000000002
V,west,1.45625,1.253125
V,west,1.4125,1.2593750000000001
V,west,1.3562500000000002,1.2656250000000002
V,west,1.2875,1.271875
V,east,1.0875000000000001,1.2281250000000001
V,east,1.0625,1.2343750000000002
V,east,1.05,1.240625
V,east,1.04375,1.2468750000000002
V,east,1.04375,1.253125
V,east,1.05,1.2593750000000001
V,east,1.0625,1.2656250000000002
V,east,1.0875000000000001,1.271875
