T,Cd,Cl,Fx_unsteady,Fy_unsteady,Cd_relative_spread
1.000000000000000056e-01,1.252482005002038434e+00,-6.518087935711291969e-16,1.186670620057658637e-01,-3.368616149912462276e-16,1.303419303392146364e-03
2.000000000000000111e-01,1.009045745188397847e+00,-1.681055468438774625e-15,8.871690937960843848e-02,-4.109126233720061805e-16,2.349566923528054359e-03
2.999999999999999889e-01,9.138581915181986925e-01,-8.950088933867839103e-16,7.109961495324433611e-02,1.161180526731975249e-16,3.080125485647362132e-03
4.000000000000000222e-01,8.653769379184268473e-01,-4.954803928258755263e-16,5.684600355442043923e-02,-4.206704429243757204e-16,3.443402530228628286e-03
5.000000000000000000e-01,8.377975318319256237e-01,1.923916755075527618e-15,4.451058059279994206e-02,-2.833020276704623086e-16,3.451532714571516319e-03
5.999999999999999778e-01,8.208817879833483211e-01,-3.176712365382527992e-16,3.413856204314091869e-02,-6.149594722337781150e-16,3.205601910153144021e-03
7.000000000000000666e-01,8.098661652591184756e-01,1.626845359814499403e-15,2.582203564832317652e-02,5.478473577569253905e-16,2.885354287095440867e-03
8.000000000000000444e-01,8.023944300852953182e-01,1.781073118850562409e-15,1.937577880355294269e-02,-1.906569520315759547e-16,2.613271841233636913e-03
9.000000000000000222e-01,7.972032259660311038e-01,1.456083517648032455e-15,1.449452152275387470e-02,-2.146720301521298779e-17,2.420177826440447679e-03
1.000000000000000000e+00,7.935204678255358690e-01,2.669576799202433293e-15,1.086484939130409610e-02,8.765774564545303349e-17,2.293022478518905952e-03
1.100000000000000089e+00,7.908286692949872965e-01,2.161899131936095841e-15,8.200879361911991156e-03,1.660997728247792793e-16,2.213900527907575709e-03
1.199999999999999956e+00,7.887837621082162132e-01,3.079947321488196721e-15,6.268560828842593795e-03,2.226409161198983355e-16,2.169117580037517937e-03
1.300000000000000044e+00,7.871694351386208099e-01,-2.789110088718960156e-16,4.888808971701034435e-03,1.458794023079246216e-16,2.148156283142466094e-03
1.400000000000000133e+00,7.858549710610396311e-01,1.563419532724097394e-15,3.917242231794462563e-03,7.242470512203169619e-17,2.142126376041865021e-03
1.500000000000000000e+00,7.847621928978867345e-01,2.854907608061674207e-15,3.227917153612765589e-03,5.490128750923473078e-17,2.143350113199973296e-03
1.600000000000000089e+00,7.838435526889455662e-01,3.365939525799138687e-15,2.716785947139750083e-03,-3.351201152516913861e-16,2.146564391066611930e-03
1.699999999999999956e+00,7.830685793656618765e-01,-1.061061232366516949e-15,2.311583783710932823e-03,-3.410154645645813165e-16,2.149753744901383972e-03
1.800000000000000044e+00,7.824151236631134987e-01,-4.674944242485934431e-16,1.971731889576370036e-03,3.787795814849670428e-16,2.153031175036377014e-03
1.900000000000000133e+00,7.818651810266802338e-01,2.346111857304961079e-15,1.678493551079573336e-03,-6.206176523214368412e-16,2.156871135816321606e-03
2.000000000000000000e+00,7.814031272200034905e-01,-2.498916600989636860e-15,1.423898590028938732e-03,2.426783275201460643e-16,2.161346566978872893e-03
2.100000000000000089e+00,7.810155140620833603e-01,1.857119736855053493e-15,1.203745897411406243e-03,-2.552449083256108642e-16,2.166159572739895407e-03
2.200000000000000178e+00,7.806906840657829028e-01,1.204548613631395426e-15,1.014633772827279196e-03,-3.194059600142296063e-16,2.170950548167747355e-03
2.300000000000000266e+00,7.804187538116772460e-01,-2.294171796979327382e-15,8.532251018378002273e-04,-4.250072516143177381e-16,2.175446428699840101e-03
2.399999999999999911e+00,7.801912127477801384e-01,-2.616654180657984607e-16,7.162170649828478826e-04,1.580021378490281680e-16,2.179495251237993560e-03
2.500000000000000000e+00,7.800008997628330443e-01,8.145661743860430071e-16,6.004592113245519518e-04,-3.930656391733580723e-16,2.183065079958018597e-03
2.600000000000000089e+00,7.798417342904641059e-01,-8.607040590229847465e-16,5.030163151471453691e-04,1.522524782030659773e-16,2.186153139696632441e-03
2.700000000000000178e+00,7.797085949268267591e-01,-1.987893153581644923e-15,4.212142566048565542e-04,-1.646920040664426321e-16,2.188803319582335871e-03
2.800000000000000266e+00,7.795972000134568924e-01,6.943891398296028750e-16,3.526683136785580550e-04,-5.025361772765038482e-16,2.191060729031888126e-03
2.899999999999999911e+00,7.795039587669597703e-01,-4.991988674643219048e-16,2.952904170304129967e-04,1.217711505631727253e-16,2.192976769106312184e-03
3.000000000000000000e+00,7.794258886257989793e-01,2.656329203907376035e-15,2.472849284940296672e-04,-9.973982360508837353e-17,2.194597087436836371e-03
3.100000000000000089e+00,7.793605015901622357e-01,-7.984132560819034996e-16,2.071256384336079615e-04,-6.887733113893068637e-16,2.195964436517527322e-03
3.200000000000000178e+00,7.793057218556926902e-01,-1.631961438815915377e-15,1.735265432570956318e-04,-7.527005819844834189e-16,2.197115457028030357e-03
3.300000000000000266e+00,7.792598162782490290e-01,-1.964349872812711645e-15,1.454093861664676078e-04,6.509998771065013401e-16,2.198086456038607188e-03
3.399999999999999911e+00,7.792213415933255671e-01,6.017766749591858116e-16,1.218729628129996034e-04,-1.736802941862316402e-16,2.198903646008067668e-03
3.500000000000000000e+00,7.791890897948257066e-01,-1.432756230280649024e-15,1.021647832773211703e-04,1.527674742349965920e-16,2.199593007999665287e-03
3.600000000000000089e+00,7.791620483542904818e-01,2.557826683679989381e-15,8.565666588644955796e-05,2.857677405799195769e-18,2.200172340367021265e-03
3.700000000000000178e+00,7.791393743250583093e-01,-2.975850148644195413e-15,7.182485887485451945e-05,9.524991370993014100e-17,2.200659972839406030e-03
3.800000000000000266e+00,7.791203599621743248e-01,2.638200581253765872e-16,6.023221377810512411e-05,-4.403311364213320991e-16,2.201069007042352321e-03
3.899999999999999911e+00,7.791044139072372809e-01,-8.378479337325115198e-16,5.051392847775349848e-05,-7.812280163732978136e-16,2.201412372977696284e-03
4.000000000000000000e+00,7.790910407362575674e-01,3.544515246904026556e-17,4.236537125347459589e-05,-4.721283297447849067e-16,2.201701181892090284e-03
4.099999999999999645e+00,7.790798252052719697e-01,-7.348084932813940193e-16,3.553199063544061772e-05,5.391214360925484020e-16,2.201943470416651422e-03
4.200000000000000178e+00,7.790704192656184857e-01,3.650426658441928169e-15,2.980098480981943667e-05,-3.185550095395942548e-16,2.202146752708963613e-03
4.299999999999999822e+00,7.790625313110413064e-01,1.764582446158705249e-15,2.499428688505108656e-05,-5.838341877957347811e-16,2.202317306031241657e-03
4.400000000000000355e+00,7.790559160450158949e-01,-1.006359315237242199e-15,2.096269502883471732e-05,-2.463746734228454242e-16,2.202460401184675159e-03
4.500000000000000000e+00,7.790503681228444499e-01,-9.847607691756455912e-16,1.758122436375049902e-05,-7.638887225474102517e-17,2.202580456016062140e-03
4.600000000000000533e+00,7.790457153343912644e-01,-1.507539445704751116e-15,1.474507645071168258e-05,7.341220260172036122e-16,2.202681252035090017e-03
4.700000000000000178e+00,7.790418132487103575e-01,-2.265336677872422863e-15,1.236635952538432713e-05,9.633343825605784200e-16,2.202766005555720913e-03
4.799999999999999822e+00,7.790385407339944779e-01,5.347806039961069263e-16,1.037133769504815315e-05,-2.230750205053661644e-16,2.202837103966067550e-03
4.900000000000000355e+00,7.790357962014873294e-01,1.031654101322419760e-15,8.698151089815535104e-06,1.074074834809895206e-17,2.202896743950436605e-03
5.000000000000000000e+00,7.790334944550642016e-01,1.438362926646982449e-15,7.294900624637260965e-06,1.549662394171707471e-16,2.202946769708063676e-03
